{"cameraMode":{"drawMode":0,"name":"Shaded","section":"Shading Mode"},"sceneLighting":false,"audioPlay":false,"sceneViewState":{"showFog":true,"showMaterialUpdate":false,"showSkybox":false,"showFlares":true,"showImageEffects":true,"showParticleSystems":true},"in2DMode":false,"pivot":{"x":0.0005664825439453125,"y":0.5843237638473511,"z":0.0},"rotation":{"x":0.3057124614715576,"y":0.1110653281211853,"z":-0.03593256324529648,"w":0.9449412822723389},"size":4.472700119018555,"orthographic":false}