{"cameraMode":{"drawMode":0,"name":"Shaded","section":"Shading Mode"},"sceneLighting":true,"audioPlay":false,"sceneViewState":{"showFog":true,"showMaterialUpdate":false,"showSkybox":true,"showFlares":true,"showImageEffects":true,"showParticleSystems":true},"in2DMode":false,"pivot":{"x":-2.895829677581787,"y":2.156877279281616,"z":-0.6693997383117676},"rotation":{"x":0.021645596250891687,"y":0.9709557890892029,"z":-0.21793825924396516,"w":0.09643625468015671},"size":6.469399452209473,"orthographic":false}