{"cameraMode":{"drawMode":0,"name":"Shaded","section":"Shading Mode"},"sceneLighting":true,"audioPlay":false,"sceneViewState":{"showFog":true,"showMaterialUpdate":false,"showSkybox":true,"showFlares":true,"showImageEffects":true,"showParticleSystems":true},"in2DMode":false,"pivot":{"x":4.244484901428223,"y":2.6758384704589845,"z":-39.69134521484375},"rotation":{"x":0.001623425749130547,"y":-0.9742366075515747,"z":0.22545021772384644,"w":0.007021712139248848},"size":53.6072998046875,"orthographic":false}